{
    "value0": {
        "T_imu_cam": [
            {
                "px": 0.04548094812071685,
                "py": -0.07145370002838907,
                "pz": -0.046315428444919249,
                "qx": -0.013392900690257393,
                "qy": -0.6945866755293793,
                "qz": 0.7192437840259219,
                "qw": 0.007639340823570553
            }
        ],
        "intrinsics": [
            {
                "camera_type": "ds",
                "intrinsics": {
                    "fx": 471.594410377,
                    "fy": 471.59215521,
                    "cx": 1220.10257631,
                    "cy": 975.7332865,
                    "xi": -0.17667084,
                    "alpha": 0.62709289
                }
            }
        ],
        "resolution": [
            [
                2472,
                2064
            ]
        ],
        "main_cam_idx": [0],
        "stereo_pairs": [],
        "cam_update_rate": 20.0,
        "calib_accel_bias": [
            -0.0011791549110128743,
            -0.007714616665106584,
            0.00006733124206236036,
            0.0,
            0.0,
            0.0,
            0.0,
            0.0,
            0.0
        ],
        "calib_gyro_bias": [
            -0.00007403817898158015,
            0.0000024090695654577384,
            -0.00001847724206614636,
            0.0,
            0.0,
            0.0,
            0.0,
            0.0,
            0.0,
            0.0,
            0.0,
            0.0
        ],
        "imu_update_rate": 200.0,
        "accel_noise_std": [0.016, 0.016, 0.016],
        "gyro_noise_std": [0.000282, 0.000282, 0.000282],
        "accel_bias_std": [0.001, 0.001, 0.001],
        "gyro_bias_std": [0.0001, 0.0001, 0.0001],
        "T_mocap_world": {
            "px": 0.0,
            "py": 0.0,
            "pz": 0.0,
            "qx": 0.0,
            "qy": 0.0,
            "qz": 0.0,
            "qw": 1.0
        },
        "T_imu_marker": {
            "px": 0.0,
            "py": 0.0,
            "pz": 0.0,
            "qx": 0.0,
            "qy": 0.0,
            "qz": 0.0,
            "qw": 1.0
        },
        "mocap_time_offset_ns": 0,
        "mocap_to_imu_offset_ns": 0,
        "cam_time_offset_ns": 0,
        "vignette": [
            {
                "value0": 0,
                "value1": 10000000000,
                "value2": [
                ]
            }
        ]
    }
}
